gender;Nature;hp;Attack;Defense;Sp. Atk;Sp. Def;Speed;Cascoon;Silcoon;Level;Experiment
M;Quirky;14;7;6;6;6;6;0;1;2;2
M;Serious;16;8;7;6;6;7;0;1;2;2
M;Quirky;16;8;7;7;7;6;0;1;2;2
M;Mild;13;7;5;6;6;6;0;1;2;2
F;Quiet;13;7;6;5;6;5;1;0;2;2
F;Docile;14;7;6;6;6;6;0;1;2;2
M;Lax;13;7;6;5;5;6;1;0;2;2
F;Jolly;14;7;6;5;6;6;1;0;2;2
F;Adamant;14;7;6;4;6;5;0;1;2;2
F;Lax;13;7;6;5;5;5;0;1;2;2
M;Jolly;14;7;6;5;6;5;0;1;2;2
M;Lonely;13;7;5;6;6;6;0;1;2;2
M;Careful;14;7;6;4;6;5;0;1;2;2
F;Naive;14;7;6;5;5;6;0;1;2;2
M;Hardy;14;7;6;5;6;5;0;1;2;2
M;Relaxed;14;7;6;6;6;5;1;0;2;2
F;Hasty;13;7;5;5;6;6;1;0;2;2
F;Hardy;14;7;6;5;6;6;1;0;2;2
M;Gentle;13;7;5;6;6;6;1;0;2;2
F;Naughty;14;7;6;5;5;6;1;0;2;2
M;Jolly;14;7;6;5;6;6;1;0;2;2
F;Brave;14;7;6;6;6;4;1;0;2;2
F;Lax;14;7;6;6;5;6;1;0;2;2
F;Bashful;14;7;6;6;6;5;1;0;2;2
F;Sassy;14;7;6;5;6;5;0;1;2;2
M;Mild;14;7;5;5;6;5;0;1;2;2
F;Jolly;14;7;6;4;6;5;1;0;2;2
F;Lax;13;7;6;6;5;5;0;1;2;2
F;Adamant;14;7;6;5;6;5;1;0;2;2
F;Bashful;14;7;6;6;6;5;1;0;2;2
M;Quiet;14;7;6;6;6;5;0;1;2;2
F;Docile;14;7;6;6;6;6;0;1;2;2
F;Docile;13;7;6;5;6;6;1;0;2;2
M;Adamant;14;7;6;5;6;5;0;1;2;2
M;Hasty;14;7;5;6;6;6;0;1;2;2
F;Hasty;14;7;5;5;6;6;1;0;2;2
M;Naughty;14;7;7;5;5;6;0;1;2;2
F;Careful;14;7;7;5;6;6;1;0;2;2
M;Hardy;14;7;6;6;6;6;0;1;2;2
F;Quiet;14;7;6;5;6;5;0;1;2;2
M;Jolly;14;7;6;4;6;6;1;0;2;2
M;Adamant;14;7;6;5;6;5;1;0;2;2
F;Naive;13;7;6;5;5;5;1;0;2;2
F;Lax;14;7;6;6;5;6;1;0;2;2
F;Gentle;13;7;5;6;6;6;0;1;2;2
M;Quirky;14;7;7;5;6;5;0;1;2;2
F;Hasty;14;7;5;5;6;6;0;1;2;2
F;Naive;14;7;6;6;5;6;1;0;2;2
M;Gentle;14;7;5;5;6;5;1;0;2;2
F;Sassy;14;7;6;6;6;5;0;1;2;2
F;Gentle;14;7;5;5;6;6;1;0;2;2
M;Naughty;13;7;6;6;5;5;1;0;2;2
M;Adamant;13;7;6;5;6;6;1;0;2;2
F;Rash;14;7;6;6;5;5;0;1;2;2
F;Hardy;14;7;6;5;6;6;1;0;2;2
M;Mild;13;7;5;6;6;5;0;1;2;2
M;Docile;14;7;6;5;6;6;1;0;2;2
M;Quirky;13;7;6;5;6;6;0;1;2;2
M;Adamant;13;7;6;4;6;5;0;1;2;2
F;Quirky;13;7;6;6;6;6;1;0;2;2
M;Relaxed;14;7;6;6;6;4;0;1;2;2
F;Relaxed;14;7;6;6;6;4;1;0;2;2
M;Hardy;14;7;6;6;6;6;0;1;2;2
F;Naive;14;7;6;6;5;6;1;0;2;2
M;Quiet;13;7;6;6;6;5;1;0;2;2
M;Quiet;13;7;6;6;6;4;0;1;2;2
M;Gentle;14;7;5;5;6;6;1;0;2;2
F;Sassy;14;7;6;5;6;4;1;0;2;2
M;Relaxed;14;7;7;6;6;5;0;1;2;2
M;Lonely;14;7;5;6;6;5;1;0;2;2
F;Relaxed;14;7;6;6;6;5;1;0;2;2
M;Naughty;14;7;6;6;5;6;1;0;2;2
M;Docile;13;7;6;6;6;6;1;0;2;2
F;Hasty;13;7;5;5;6;6;0;1;2;2
F;Brave;14;7;6;6;6;5;0;1;2;2
F;Quiet;13;7;6;6;6;5;0;1;2;2
M;Impish;13;7;6;4;6;6;0;1;2;2
F;Adamant;14;7;6;5;6;6;0;1;2;2
M;Naive;14;7;6;5;5;6;0;1;2;2
M;Careful;14;7;6;5;6;6;1;0;2;2
M;Lax;13;7;6;6;5;6;0;1;2;2
M;Hasty;13;7;5;6;6;6;0;1;2;2
F;Quiet;13;7;6;6;6;5;0;1;2;2
M;Brave;13;7;6;6;6;5;1;0;2;2
F;Relaxed;14;7;6;5;6;4;1;0;2;2
F;Adamant;14;7;6;5;6;6;0;1;2;2
F;Relaxed;14;7;6;6;6;5;0;1;2;2
F;Quiet;14;7;7;6;6;5;1;0;2;2
F;Bashful;13;7;6;6;6;5;1;0;2;2
M;Quirky;14;7;6;5;6;6;1;0;2;2
M;Careful;14;7;6;4;6;6;0;1;2;2
M;Lax;13;7;6;5;5;6;1;0;2;2
M;Gentle;14;7;5;6;6;6;1;0;2;2
M;Rash;13;7;6;5;5;5;1;0;2;2
F;Hardy;14;7;6;6;6;6;0;1;2;2
M;Naughty;14;7;6;5;5;5;1;0;2;2
F;Docile;13;7;6;6;6;6;1;0;2;2
F;Mild;14;7;5;6;6;6;1;0;2;2
M;Lax;14;7;6;6;5;5;1;0;2;2
M;Rash;14;7;6;6;5;6;0;1;2;2
F;Careful;14;7;6;5;6;6;0;1;2;2
F;Docile;14;7;6;6;6;6;0;1;2;2
M;Brave;14;7;6;6;6;4;1;0;2;2
F;Lonely;13;7;5;6;6;6;1;0;2;2
F;Careful;13;7;6;5;6;5;0;1;2;2
F;Hardy;14;7;6;5;6;5;1;0;2;2
M;Gentle;13;7;5;6;6;6;1;0;2;2
F;Careful;13;7;6;5;6;6;0;1;2;2
M;Serious;14;7;6;5;6;6;0;1;2;2
M;Impish;14;7;6;5;6;6;1;0;2;2
F;Naughty;13;7;6;6;5;6;0;1;2;2
M;Sassy;14;7;6;6;6;4;0;1;2;2
M;Jolly;14;7;6;4;6;6;0;1;2;2
M;Bashful;14;7;7;5;6;6;0;1;2;2
F;Naive;13;7;6;6;5;5;0;1;2;2
M;Impish;14;7;6;5;6;6;0;1;2;2
F;Sassy;14;7;6;6;6;5;0;1;2;2
M;Quirky;13;7;6;6;6;6;0;1;2;2
F;Quirky;14;7;6;6;6;6;1;0;2;2
M;Gentle;14;7;5;6;6;6;1;0;2;2
M;Docile;14;7;6;6;6;6;0;1;2;2
M;Quirky;13;7;6;6;6;5;0;1;2;2
M;Relaxed;14;7;6;6;6;4;0;1;2;2
F;Jolly;13;7;6;5;6;6;0;1;2;2
M;Hardy;14;7;6;6;6;6;1;0;2;2
F;Docile;14;7;6;6;6;6;1;0;2;2
F;Hardy;14;7;6;5;6;6;0;1;2;2
M;Lonely;14;7;5;6;6;6;0;1;2;2
M;Quiet;14;7;6;6;6;5;0;1;2;2
F;Careful;14;7;6;4;6;6;0;1;2;2
F;Jolly;14;7;6;5;6;5;1;0;2;2
M;Lonely;13;7;5;6;6;6;1;0;2;2
F;Quiet;14;7;6;6;6;4;1;0;2;2
M;Rash;13;7;6;6;5;6;0;1;2;2
M;Docile;14;7;6;6;6;6;1;0;2;2
M;Docile;14;7;6;6;6;5;0;1;2;2
M;Brave;14;7;6;6;6;4;1;0;2;2
M;Docile;14;7;6;6;6;6;0;1;2;2
F;Hasty;14;7;6;6;6;6;0;1;2;2
M;Relaxed;13;7;7;5;6;5;0;1;2;2
F;Adamant;14;7;6;5;6;6;0;1;2;2
M;Impish;14;7;6;4;6;6;0;1;2;2
F;Mild;14;7;5;6;6;6;1;0;2;2
F;Gentle;14;7;5;5;6;5;1;0;2;2
M;Gentle;14;7;5;5;6;6;0;1;2;2
F;Serious;14;7;6;5;6;6;0;1;2;2
M;Lax;14;7;6;6;5;6;0;1;2;2
F;Hasty;14;7;5;6;6;6;1;0;2;2
F;Relaxed;13;7;6;6;6;4;1;0;2;2
F;Impish;14;7;6;5;6;5;1;0;2;2
F;Hardy;14;7;7;5;6;6;1;0;2;2
F;Jolly;14;7;6;5;6;6;1;0;2;2
M;Relaxed;14;7;7;6;6;4;0;1;2;2
M;Sassy;14;7;6;6;6;4;0;1;2;2
F;Hardy;14;7;7;5;6;6;0;1;2;2
F;Careful;14;7;6;5;6;5;1;0;2;2
F;Quiet;13;7;7;6;6;5;0;1;2;2
M;Lax;14;7;6;6;5;6;1;0;2;2
F;Relaxed;14;7;6;5;6;4;1;0;2;2
F;Adamant;14;7;6;5;6;5;1;0;2;2
F;Brave;14;7;7;5;6;4;1;0;2;2
F;Quiet;13;7;6;6;6;5;1;0;2;2
F;Hasty;14;7;5;5;6;6;0;1;2;2
F;Gentle;14;7;5;6;6;6;0;1;2;2
F;Rash;14;6;6;6;5;6;1;0;2;2
M;Adamant;13;6;6;4;6;6;0;1;2;2
F;Jolly;13;6;6;5;6;6;1;0;2;2
F;Impish;14;6;6;5;6;5;0;1;2;2
F;Rash;14;6;6;6;5;5;0;1;2;2
M;Relaxed;14;6;6;6;6;4;0;1;2;2
F;Lax;14;6;6;5;5;6;0;1;2;2
F;Docile;14;6;6;6;6;6;0;1;2;2
F;Lonely;14;6;5;6;6;6;0;1;2;2
F;Rash;13;6;6;6;5;5;1;0;2;2
M;Jolly;14;6;6;4;6;6;1;0;2;2
F;Naughty;14;6;6;6;5;5;1;0;2;2
F;Jolly;14;6;6;5;6;6;0;1;2;2
F;Careful;13;6;6;4;6;5;1;0;2;2
M;Bold;14;6;6;6;6;6;1;0;2;2
F;Jolly;13;6;6;5;6;6;0;1;2;2
F;Naive;14;6;6;6;5;6;1;0;2;2
M;Calm;13;6;6;6;6;6;0;1;2;2
M;Careful;13;6;6;5;6;6;1;0;2;2
F;Rash;13;6;6;6;5;5;1;0;2;2
M;Hardy;13;6;6;6;6;6;1;0;2;2
F;Calm;14;6;6;6;6;6;0;1;2;2
M;Lonely;13;6;5;6;6;6;0;1;2;2
F;Lax;14;6;6;5;5;5;1;0;2;2
F;Calm;14;6;6;6;6;6;1;0;2;2
F;Calm;13;6;6;5;6;5;1;0;2;2
F;Lax;14;6;6;5;5;5;0;1;2;2
M;Modest;14;6;6;5;6;6;0;1;2;2
F;Impish;14;6;6;5;6;6;1;0;2;2
M;Impish;14;6;6;4;6;5;0;1;2;2
M;Docile;13;6;6;6;6;6;1;0;2;2
F;Adamant;13;6;6;5;6;5;1;0;2;2
F;Quirky;14;6;6;6;6;6;1;0;2;2
M;Modest;14;6;6;6;6;6;1;0;2;2
F;Timid;14;6;6;6;6;6;0;1;2;2
F;Calm;13;6;7;6;6;6;0;1;2;2
M;Docile;14;6;6;6;6;5;1;0;2;2
F;Sassy;14;6;6;5;6;5;1;0;2;2
F;Sassy;14;6;6;5;6;4;1;0;2;2
F;Bold;13;6;6;5;6;6;0;1;2;2
F;Brave;13;6;6;5;6;5;1;0;2;2
M;Lax;14;6;6;6;5;6;1;0;2;2
M;Modest;14;6;6;6;6;6;1;0;2;2
M;Docile;14;6;6;5;6;6;1;0;2;2
F;Quiet;13;6;7;6;6;5;1;0;2;2
F;Lonely;14;6;5;5;6;6;0;1;2;2
M;Quiet;14;6;6;6;6;4;0;1;2;2
F;Timid;13;6;6;6;6;6;0;1;2;2
F;Gentle;13;6;5;6;6;6;1;0;2;2
F;Timid;14;6;6;6;6;5;0;1;2;2
F;Careful;14;6;6;5;6;6;1;0;2;2
F;Jolly;14;6;6;5;6;6;1;0;2;2
F;Modest;14;6;6;5;6;5;0;1;2;2
M;Modest;14;6;6;5;6;5;1;0;2;2
F;Docile;13;6;6;6;6;5;1;0;2;2
M;Docile;14;6;6;6;6;6;0;1;2;2
M;Brave;14;6;6;6;6;5;0;1;2;2
M;Serious;14;6;6;6;6;6;0;1;2;2
F;Calm;14;6;6;6;6;6;0;1;2;2
F;Timid;13;6;6;6;6;6;0;1;2;2
M;Lax;14;6;6;5;5;6;1;0;2;2
M;Lax;13;6;6;6;5;5;0;1;2;2
F;Hardy;14;6;6;6;6;6;1;0;2;2
M;Docile;13;6;6;6;6;5;1;0;2;2
F;Impish;14;6;6;5;6;6;1;0;2;2
M;Jolly;14;6;6;4;6;6;1;0;2;2
M;Brave;13;6;6;5;6;4;0;1;2;2
M;Quiet;14;6;6;5;6;4;1;0;2;2
M;Calm;13;6;6;5;6;6;1;0;2;2
F;Lax;14;6;6;5;5;6;0;1;2;2
F;Mild;14;6;5;6;6;6;1;0;2;2
M;Bold;14;6;6;5;6;6;1;0;2;2
F;Naive;13;6;6;6;5;5;1;0;2;2
M;Docile;14;6;6;6;6;6;1;0;2;2
M;Jolly;14;6;6;5;6;6;0;1;2;2
M;Sassy;14;6;6;6;6;4;0;1;2;2
M;Lax;13;6;6;5;5;6;0;1;2;2
F;Relaxed;13;6;6;6;6;5;0;1;2;2
F;Timid;14;6;6;6;6;6;1;0;2;2
F;Timid;14;6;7;6;6;6;0;1;2;2
F;Adamant;14;6;6;4;6;5;0;1;2;2
M;Impish;14;6;7;5;6;6;0;1;2;2
M;Calm;14;6;6;6;6;6;1;0;2;2
M;Lonely;13;6;5;5;6;5;1;0;2;2
F;Calm;14;6;7;6;6;6;0;1;2;2
F;Impish;13;6;6;4;6;6;1;0;2;2
M;Bold;14;6;6;5;6;5;0;1;2;2
M;Brave;14;6;6;6;6;5;1;0;2;2
F;Sassy;14;6;6;6;6;4;0;1;2;2
M;Rash;14;6;6;6;5;6;1;0;2;2
M;Bold;13;6;6;6;6;5;0;1;2;2
M;Lonely;14;6;6;6;6;6;0;1;2;2
M;Bold;14;6;6;5;6;6;0;1;2;2
M;Serious;14;6;6;6;6;6;1;0;2;2
M;Calm;14;6;6;6;6;6;0;1;2;2
M;Modest;14;6;6;6;6;6;1;0;2;2
F;Bold;14;6;6;6;6;6;0;1;2;2
M;Modest;14;6;6;6;6;6;1;0;2;2
M;Quiet;14;6;6;6;6;5;0;1;2;2
F;Bold;14;6;6;5;6;6;0;1;2;2
M;Sassy;13;6;6;6;6;5;0;1;2;2
M;Docile;13;6;6;6;6;6;1;0;2;2
F;Modest;13;6;6;5;6;6;0;1;2;2
F;Mild;14;6;5;6;6;6;0;1;2;2
F;Timid;13;6;6;6;6;6;1;0;2;2
M;Adamant;14;6;6;4;6;6;1;0;2;2
F;Serious;14;6;6;5;6;6;0;1;2;2
F;Bold;14;6;6;6;6;5;1;0;2;2
F;Bold;13;6;6;5;6;5;0;1;2;2
M;Bold;13;6;7;6;6;5;1;0;2;2
M;Adamant;14;6;6;4;6;6;1;0;2;2
M;Calm;14;6;6;5;6;5;1;0;2;2
F;Quiet;14;6;6;5;6;5;1;0;2;2
M;Timid;13;5;7;5;6;6;0;1;2;2
F;Calm;14;5;6;6;6;6;0;1;2;2
F;Bold;14;5;6;5;6;6;1;0;2;2
F;Calm;13;5;6;6;6;5;1;0;2;2
F;Bold;14;5;6;6;6;5;1;0;2;2
M;Calm;14;5;6;5;6;5;0;1;2;2
M;Bold;14;5;7;6;6;6;0;1;2;2
F;Timid;13;5;6;6;6;6;1;0;2;2
M;Modest;14;5;6;6;6;6;1;0;2;2
F;Timid;14;5;6;6;6;6;1;0;2;2
M;Modest;14;5;6;6;6;5;0;1;2;2
M;Modest;14;5;6;6;6;6;1;0;2;2
F;Calm;14;5;6;6;6;6;1;0;2;2
F;Bold;13;5;6;6;6;6;0;1;2;2
M;Bold;14;5;6;6;6;6;1;0;2;2
F;Bold;14;5;6;6;6;6;0;1;2;2
M;Sassy;15;8;7;6;7;5;1;0;3;2
M;Gentle;16;8;6;6;7;7;0;1;3;2
M;Naive;16;8;7;7;6;7;0;1;3;2
M;Naive;16;8;8;6;6;7;0;1;3;2
F;Careful;16;8;7;6;7;7;1;0;3;2
F;Bashful;16;8;8;7;7;6;1;0;3;2
F;Lax;16;8;7;6;6;6;1;0;3;2
F;Naughty;16;8;7;6;6;7;1;0;3;2
F;Hardy;16;8;8;7;6;6;1;0;3;2
M;Mild;16;8;6;6;6;7;0;1;3;2
F;Quirky;16;8;7;6;6;6;1;0;3;2
M;Brave;15;8;8;7;7;6;1;0;3;2
M;Adamant;16;8;7;6;6;6;0;1;3;2
M;Mild;15;8;6;6;7;6;1;0;3;2
M;Lax;16;8;7;6;5;6;0;1;3;2
M;Hardy;15;8;7;7;7;6;0;1;3;2
M;Hardy;15;8;7;7;6;6;0;1;3;2
M;Quiet;16;8;7;6;7;6;0;1;3;2
M;Sassy;16;7;7;7;7;5;0;1;3;2
F;Mild;16;7;7;6;6;6;0;1;3;2
M;Quiet;15;7;8;6;7;5;1;0;3;2
F;Careful;15;7;7;5;7;6;0;1;3;2
M;Calm;16;7;7;6;7;6;1;0;3;2
M;Serious;16;7;7;7;7;7;1;0;3;2
F;Timid;16;7;7;6;6;6;1;0;3;2
M;Lax;16;7;7;6;6;6;0;1;3;2
M;Quiet;16;7;7;6;7;5;0;1;3;2
M;Jolly;15;7;7;6;7;7;1;0;3;2
F;Rash;16;7;7;6;6;6;1;0;3;2
F;Quirky;15;7;7;6;7;6;0;1;3;2
M;Modest;15;7;7;6;6;6;1;0;3;2
M;Careful;16;7;8;5;7;6;1;0;3;2
M;Bold;15;7;7;6;7;7;1;0;3;2
F;Bold;15;7;7;6;7;6;0;1;3;2
M;Serious;16;7;7;6;6;6;0;1;3;2
M;Modest;15;6;7;7;6;7;0;1;3;2
M;Modest;16;6;8;6;7;6;0;1;3;2
F;Jolly;14;6;6;5;6;6;0;1;3;2
M;Sassy;18;9;8;6;8;6;1;0;4;2
F;Quiet;18;9;8;6;8;5;1;0;4;2
M;Jolly;18;9;8;6;8;7;0;1;4;2
M;Brave;18;9;7;6;7;6;1;0;4;2
F;Lonely;18;9;7;6;7;7;0;1;4;2
F;Bashful;17;9;8;7;8;7;0;1;4;2
M;Hardy;17;9;7;7;8;7;1;0;4;2
M;Jolly;18;9;8;5;7;7;1;0;4;2
F;Careful;18;9;8;6;8;6;1;0;4;2
F;Naughty;18;9;8;7;6;7;0;1;4;2
F;Rash;18;9;8;7;7;6;0;1;4;2
M;Relaxed;17;9;8;7;8;6;0;1;4;2
F;Quiet;18;9;8;7;8;5;1;0;4;2
M;Lonely;17;9;8;6;7;7;0;1;4;2
M;Bashful;18;9;8;6;8;7;0;1;4;2
M;Mild;17;9;7;7;7;7;1;0;4;2
F;Jolly;18;9;9;6;7;7;1;0;4;2
F;Naughty;17;9;8;6;7;7;1;0;4;2
F;Gentle;17;9;6;7;7;7;1;0;4;2
M;Calm;18;8;8;6;8;6;1;0;4;2
F;Adamant;17;8;8;6;8;7;0;1;4;2
M;Quiet;18;8;8;7;8;6;1;0;4;2
F;Bold;17;8;7;7;7;6;0;1;4;2
F;Bashful;17;8;8;6;7;7;1;0;4;2
F;Careful;17;8;8;6;7;7;1;0;4;2
F;Lax;17;8;8;6;7;7;1;0;4;2
M;Brave;17;8;8;7;7;6;1;0;4;2
M;Lax;18;8;8;6;7;7;0;1;4;2
M;Serious;20;11;9;7;8;7;1;0;5;2
M;Impish;19;11;11;6;9;7;1;0;5;2
F;Adamant;20;11;9;6;8;8;1;0;5;2
F;Naughty;21;11;9;8;7;8;0;1;5;2
M;Relaxed;21;11;9;7;9;7;1;0;5;2
F;Docile;19;10;9;7;9;7;1;0;5;2
F;Relaxed;20;10;9;8;8;6;0;1;5;2
F;Impish;21;10;11;7;9;7;0;1;5;2
F;Jolly;21;10;10;7;9;7;0;1;5;2
F;Relaxed;20;10;9;7;8;7;0;1;5;2
F;Mild;20;10;8;7;9;8;0;1;5;2
M;Sassy;19;9;8;7;9;6;0;1;5;2
M;Bold;20;9;8;7;8;7;0;1;5;2
M;Brave;20;9;9;8;9;6;1;0;5;2
M;Relaxed;19;9;8;7;8;6;1;0;5;2
M;Timid;20;9;9;8;9;8;0;1;5;2
M;Hardy;20;9;9;7;9;7;1;0;5;2
F;Sassy;21;9;10;7;8;7;0;1;5;2
F;Careful;20;9;8;7;8;7;1;0;5;2
F;Impish;20;9;8;6;8;8;0;1;5;2
F;Bold;21;9;9;8;8;8;0;1;5;2
F;Bold;20;8;9;8;8;7;0;1;5;2
M;Timid;21;8;10;8;9;7;1;0;5;2
F;Bold;21;8;11;7;8;8;0;1;5;2
F;Relaxed;21;12;9;8;10;6;0;1;6;2
F;Gentle;23;12;9;8;8;9;0;1;6;2
M;Sassy;22;12;10;7;9;6;1;0;6;2
M;Hasty;22;11;8;8;9;8;1;0;6;2
F;Careful;22;11;10;7;9;7;0;1;6;2
M;Relaxed;22;11;11;8;10;7;0;1;6;2
F;Mild;23;11;9;8;10;9;0;1;6;2
F;Quiet;23;11;10;7;10;8;1;0;6;2
F;Serious;21;11;9;8;10;9;0;1;6;2
M;Timid;23;10;9;7;9;9;1;0;6;2
F;Relaxed;23;10;11;7;9;7;0;1;6;2
M;Lax;23;10;12;8;8;7;1;0;6;2
M;Modest;22;9;11;8;9;7;0;1;6;2
F;Brave;24;14;10;9;9;7;0;1;7;1
F;Naughty;24;14;10;8;8;8;0;1;7;1
M;Adamant;25;14;12;7;10;9;0;1;7;1
F;Lonely;24;14;9;8;10;8;0;1;7;2
F;Brave;25;14;10;8;11;8;1;0;7;2
F;Naive;24;13;12;8;8;9;1;0;7;1
F;Brave;24;13;10;8;10;7;1;0;7;1
F;Quiet;24;13;11;9;10;7;1;0;7;1
F;Serious;23;13;11;8;10;8;0;1;7;1
F;Quiet;23;13;10;9;9;7;1;0;7;1
F;Careful;24;13;9;8;9;8;0;1;7;1
F;Relaxed;24;13;11;9;9;7;1;0;7;1
F;Hasty;23;13;9;8;10;9;0;1;7;1
F;Quiet;24;13;11;9;10;7;1;0;7;1
F;Brave;24;13;11;9;10;7;1;0;7;1
F;Mild;25;13;9;9;11;8;0;1;7;1
F;Adamant;24;13;11;7;9;8;1;0;7;1
F;Sassy;24;13;10;8;11;8;0;1;7;1
M;Adamant;24;13;11;7;9;7;0;1;7;1
M;Adamant;25;13;11;7;9;8;0;1;7;1
M;Naive;23;13;11;8;8;9;0;1;7;1
M;Rash;24;13;10;8;9;9;1;0;7;1
M;Gentle;24;13;9;9;11;7;0;1;7;1
M;Lonely;24;13;9;8;9;9;0;1;7;1
M;Lonely;23;13;9;7;10;8;0;1;7;1
M;Brave;23;13;11;9;10;8;0;1;7;1
M;Naughty;23;13;10;9;9;8;0;1;7;1
M;Hasty;24;13;9;9;11;8;1;0;7;1
M;Adamant;23;13;10;7;10;9;0;1;7;2
F;Sassy;24;12;10;9;12;7;0;1;7;1
F;Docile;23;12;10;8;9;8;1;0;7;1
F;Quirky;23;12;11;9;9;8;0;1;7;1
F;Mild;23;12;9;8;10;9;1;0;7;1
F;Bashful;24;12;11;8;10;8;0;1;7;1
F;Gentle;24;12;9;9;11;7;1;0;7;1
F;Brave;23;12;10;7;10;8;1;0;7;1
F;Mild;25;12;9;7;9;8;1;0;7;1
F;Quiet;23;12;9;7;10;7;0;1;7;1
F;Bashful;24;12;10;9;9;9;1;0;7;1
F;Naive;25;12;11;8;8;9;1;0;7;1
F;Lax;24;12;11;8;9;9;1;0;7;1
F;Bashful;23;12;11;7;11;8;1;0;7;1
F;Relaxed;24;12;11;9;10;8;0;1;7;1
F;Serious;24;12;10;9;9;9;0;1;7;1
F;Hardy;24;12;11;8;11;9;0;1;7;1
F;Bashful;25;12;11;9;9;8;1;0;7;1
F;Impish;23;12;12;8;10;9;1;0;7;1
M;Quirky;23;12;9;8;9;8;0;1;7;1
M;Bashful;23;12;12;8;9;8;1;0;7;1
M;Docile;24;12;11;8;9;9;0;1;7;1
M;Quirky;24;12;11;8;9;8;1;0;7;1
M;Serious;24;12;10;9;10;8;0;1;7;1
M;Hasty;24;12;9;8;10;8;1;0;7;1
M;Impish;25;12;11;8;10;7;0;1;7;1
M;Naive;24;12;11;8;8;8;0;1;7;1
M;Sassy;24;12;10;8;11;7;1;0;7;1
M;Bashful;25;12;12;8;9;8;0;1;7;1
M;Naughty;25;12;11;8;8;9;0;1;7;1
M;Impish;24;12;11;8;10;9;0;1;7;1
M;Rash;24;12;11;8;9;9;0;1;7;1
M;Sassy;23;12;10;8;11;7;0;1;7;1
M;Careful;24;12;9;7;9;8;0;1;7;1
M;Lax;23;12;12;9;9;8;1;0;7;1
M;Serious;23;12;10;9;10;9;1;0;7;1
M;Gentle;23;12;9;8;9;9;0;1;7;1
M;Bashful;25;12;11;9;10;9;0;1;7;1
M;Hasty;23;12;8;8;10;8;0;1;7;1
M;Sassy;24;12;10;8;11;6;0;1;7;1
M;Bashful;23;12;10;8;11;8;0;1;7;1
M;Bashful;24;12;12;8;10;7;1;0;7;1
F;Brave;23;12;10;8;10;7;1;0;7;2
F;Hardy;24;12;10;8;9;8;0;1;7;2
M;Naughty;23;12;10;8;9;9;0;1;7;2
F;Docile;24;11;11;8;9;9;0;1;7;1
F;Hasty;24;11;9;8;9;8;1;0;7;1
F;Quirky;24;11;9;7;9;7;1;0;7;1
F;Quirky;24;11;10;8;10;9;0;1;7;1
F;Naive;24;11;10;8;8;9;1;0;7;1
F;Bashful;25;11;11;8;9;7;1;0;7;1
F;Mild;23;11;9;8;9;8;1;0;7;1
F;Hasty;23;11;9;9;9;9;0;1;7;1
F;Naive;24;11;12;9;9;8;0;1;7;1
F;Impish;24;11;12;8;10;9;1;0;7;1
F;Gentle;23;11;9;7;11;9;1;0;7;1
M;Careful;24;11;9;8;11;9;1;0;7;1
M;Docile;23;11;11;9;9;8;0;1;7;1
M;Relaxed;24;11;11;9;9;8;0;1;7;1
M;Careful;24;11;10;6;9;9;0;1;7;1
M;Bashful;24;11;10;8;9;7;0;1;7;1
M;Sassy;24;11;9;9;12;7;0;1;7;1
M;Careful;23;11;11;8;11;7;0;1;7;1
M;Lax;24;11;11;9;9;8;1;0;7;1
M;Hasty;23;11;9;9;10;9;1;0;7;1
M;Impish;25;11;12;7;10;8;1;0;7;1
M;Naive;24;11;10;7;9;8;1;0;7;1
M;Impish;25;11;11;8;10;8;1;0;7;1
M;Gentle;24;11;9;8;9;9;1;0;7;1
M;Impish;24;11;11;7;10;9;1;0;7;1
M;Relaxed;24;11;12;8;9;6;0;1;7;1
M;Quiet;24;11;11;9;11;7;1;0;7;1
M;Docile;23;11;10;9;10;9;1;0;7;1
M;Quiet;23;11;11;8;9;7;0;1;7;1
M;Naive;25;11;11;8;8;9;0;1;7;1
M;Lax;23;11;11;8;8;8;1;0;7;1
M;Lax;23;11;12;8;9;8;0;1;7;1
M;Jolly;24;11;10;8;9;9;1;0;7;1
M;Mild;23;11;9;7;10;9;1;0;7;1
M;Serious;23;11;9;8;10;8;1;0;7;1
M;Gentle;25;11;9;9;11;9;1;0;7;1
M;Hasty;25;11;8;7;10;9;0;1;7;1
M;Bashful;25;11;12;9;10;9;0;1;7;2
F;Bold;24;11;12;9;9;9;1;0;7;2
F;Modest;24;10;11;8;9;8;0;1;7;1
F;Timid;24;10;11;8;10;8;0;1;7;1
F;Bold;24;10;11;8;10;8;1;0;7;1
F;Timid;24;10;9;8;9;8;1;0;7;1
F;Bold;23;10;12;8;11;8;0;1;7;1
F;Calm;25;10;10;9;12;9;0;1;7;1
F;Timid;23;10;11;9;10;8;0;1;7;1
F;Timid;25;10;10;9;9;9;0;1;7;1
M;Timid;23;10;11;9;9;9;1;0;7;1
M;Timid;23;10;10;8;10;8;0;1;7;1
M;Modest;23;10;10;8;11;7;0;1;7;1
M;Timid;23;10;11;9;9;8;1;0;7;1
M;Modest;23;10;11;8;10;8;0;1;7;1
M;Bold;23;10;12;9;10;9;1;0;7;1
F;Calm;23;9;11;8;9;9;1;0;7;1
M;Modest;25;9;10;9;10;9;0;1;7;1
M;Calm;24;9;10;8;12;9;0;1;7;2
F;Lax;;;;;;;1;0;7;1
F;Quirky;;;;;;;1;0;7;1
F;Adamant;;;;;;;1;0;7;1
M;Lonely;27;15;10;8;11;10;0;1;8;2
F;Adamant;27;15;11;9;10;10;1;0;8;2
F;Brave;24;14;9;8;10;7;1;0;8;1
M;Docile;27;14;11;9;10;9;0;1;8;2
M;Docile;26;14;12;10;10;9;0;1;8;2
F;Lax;27;14;12;10;9;9;1;0;8;2
M;Adamant;23;13;11;7;11;8;1;0;8;1
M;Lonely;25;13;9;9;9;8;0;1;8;1
M;Quirky;26;13;12;9;11;8;0;1;8;2
F;Impish;25;12;12;6;10;8;1;0;8;1
F;Bold;25;11;12;8;10;8;1;0;8;1
M;Calm;23;11;10;9;9;8;1;0;8;1
F;Rash;29;14;13;11;9;10;0;1;9;2
M;Hasty;27;14;10;8;11;9;0;1;9;2
M;Docile;28;13;13;11;11;9;1;0;9;2
M;Calm;27;12;11;11;13;11;0;1;9;2
M;Sassy;31;17;14;12;14;8;1;0;10;2
F;Hardy;31;15;12;12;12;10;0;1;10;2
F;Bold;31;15;16;11;12;9;1;0;10;2
M;Sassy;31;14;13;11;13;10;0;1;10;2
M;Naughty;32;19;16;12;11;11;0;1;11;2
M;Gentle;34;18;13;12;13;11;0;1;11;2
M;Serious;33;16;13;12;14;10;1;0;11;2
F;Docile;33;15;13;10;12;12;1;0;11;2
F;Adamant;33;20;17;9;15;13;1;0;12;2
M;Quirky;36;19;17;13;15;11;1;0;12;2
M;Careful;33;19;17;11;16;11;1;0;12;2
M;Hasty;35;19;11;11;15;13;1;0;12;2
F;Quirky;34;19;15;13;13;11;0;1;12;2
F;Sassy;35;19;16;13;16;10;1;0;12;2
M;Gentle;36;19;15;10;16;13;0;1;12;2
F;Lax;34;18;17;13;13;11;1;0;12;2
F;Docile;33;18;15;13;12;12;1;0;12;2
M;Hardy;35;18;16;13;14;13;0;1;12;2
F;Docile;32;18;15;13;15;12;0;1;12;2
M;Jolly;34;18;14;9;13;14;1;0;12;2
F;Hasty;34;17;12;11;15;14;0;1;12;2
F;Serious;33;17;15;10;15;13;0;1;12;2
F;Rash;34;16;14;9;13;12;0;1;12;2
F;Timid;34;16;15;13;15;9;0;1;12;2
M;Calm;34;15;14;10;16;13;0;1;12;2
F;Calm;33;14;17;12;13;11;1;0;12;2
M;Adamant;37;22;14;9;15;13;0;1;13;2
M;Mild;38;20;15;11;15;14;0;1;13;2
M;Hardy;35;20;18;14;16;13;0;1;13;2
M;Quiet;38;20;15;11;16;9;1;0;13;2
F;Jolly;38;20;16;11;13;15;0;1;13;2
M;Hardy;38;19;15;10;12;14;0;1;13;2
F;Gentle;38;19;16;11;17;10;0;1;13;2
M;Lax;38;18;15;14;14;11;1;0;13;2
M;Hardy;37;18;15;11;14;10;1;0;13;2
M;hardy;37;17;18;14;16;10;0;1;13;2
M;Brave;37;17;15;11;15;11;0;1;13;2
M;Bold;34;17;19;13;16;14;0;1;13;2
M;Quirky;37;21;1;14;17;13;0;1;14;2
M;Rash;40;21;15;15;11;14;0;1;14;2
M;Careful;38;20;18;12;15;14;1;0;14;2
M;Quiet;34;19;17;12;14;9;0;1;14;2
M;Bashful;38;19;15;14;16;14;1;0;14;2
F;Impish;39;19;20;12;17;11;1;0;14;2
M;Mild;39;19;17;14;15;12;1;0;14;2
M;Hardy;40;19;16;14;17;14;0;1;14;2
F;Modest;40;18;19;15;14;14;1;0;14;2
M;Rash;40;17;19;12;13;10;0;1;14;2
M;Timid;38;16;18;13;16;14;0;1;14;2
M;Hardy;39;23;20;12;14;15;1;0;15;2
M;Careful;40;23;17;13;19;13;1;0;15;2
F;Careful;39;23;19;9;16;15;1;0;15;2
F;Docile;41;21;18;15;18;12;0;1;15;2
F;Quiet;43;20;17;16;16;11;0;1;15;2
M;Relaxed;41;20;19;12;14;13;1;0;15;2
F;Hardy;43;18;16;15;17;14;0;1;15;2
M;Sassy;43;18;16;12;19;9;0;1;15;2
M;Brave;42;26;21;15;17;11;0;1;16;2
M;Sassy;45;24;21;14;20;12;0;1;16;2
F;Hasty;42;24;18;11;19;16;0;1;16;2
F;Jolly;45;23;18;9;17;15;0;1;16;2
F;Careful;41;23;17;14;20;11;1;0;16;2
M;Timid;42;21;21;16;19;16;1;0;16;2
F;Hardy;42;21;21;11;16;11;1;0;16;2
F;Quiet;43;19;21;15;19;14;0;1;16;2
F;Impish;38;16;18;9;16;14;1;0;16;2
M;Mild;42;25;19;16;20;16;1;0;17;2
F;Mild;47;25;15;16;20;16;0;1;17;2
M;Rash;47;24;22;18;15;17;0;1;17;2
M;Naive;47;24;17;14;14;12;1;0;17;2
F;Timid;47;22;17;13;20;17;1;0;17;2
M;Hasty;44;22;16;13;19;14;0;1;17;2
F;Gentle;49;26;18;12;18;13;0;1;18;2
M;Brave;44;26;21;16;16;13;0;1;18;2
M;Serious;49;23;21;17;21;15;0;1;18;2
F;Modest;46;19;20;18;17;12;0;1;18;2
F;Hardy;51;27;22;18;20;16;1;0;19;2
F;Rash;49;25;25;15;15;18;0;1;20;2
F;Jolly;52;30;23;16;24;20;0;1;21;2
F;Timid;57;26;23;20;25;22;0;1;22;2
F;Bashful;53;29;27;21;18;16;0;1;23;2
F;Sassy;63;33;29;22;26;19;0;1;24;2
F;Quirky;59;33;30;22;27;21;1;0;25;2
F;Gentle;62;30;27;21;26;18;0;1;26;2
F;Gentle;64;37;27;16;24;18;0;1;27;2
M;Mild;71;38;25;20;29;21;0;1;28;2
F;Hasty;69;33;28;22;30;22;1;0;28;2
